Tipo,Producto,Precio venta,Fecha de venta
Ropa Infantil,Falda,60,22/10/2024
Ropa Infantil,Onesie,60,22/10/2024
Mochilas,Pokemon,120,22/10/2024
Tazas,Taza Blanca,50,22/10/2024
Tazas,Taza Negra,50,22/10/2024
Yeti 30oz,Azul,80,22/10/2024
Camisetas,Naruto,80,22/10/2024
Camisetas,Dragon Ball,80,29/10/2024
Mochilas,Marvel,120,30/10/2024
Mochilas,Naruto,120,01/11/2024
Peluches,Dr Simi,60,02/11/2024
Peluches,Bluey,60,03/11/2024
Relojes,Deportivo,150,04/11/2024
Relojes,Elegante,150,05/11/2024
Gorras,Sombrero Vaquero,40,06/11/2024
Gorras,Baseball,40,07/11/2024
Lentes,Sol,120,08/11/2024
Lentes,De lectura,120,09/11/2024
Lentes,Moda,120,10/11/2024
Libro colorear,Pokemon,20,11/11/2024
Libro colorear,Dragon Ball,20,12/11/2024
Libro colorear,Bluey,20,13/11/2024
Libro colorear,Naruto,20,14/11/2024
Navidad,Gorros rojos,30,15/11/2024
Navidad,Mini arbolito,100,16/11/2024
Camisetas,Hello Kitty,80,17/11/2024
Yeti para café,Azul,65,18/11/2024
Tazas,Taza con logo,55,22/10/2024
Tazas,Taza personalizada,65,23/10/2024
Yeti animados,One Piece,70,24/10/2024
Yeti animados,Barbie,70,25/10/2024
Mochilas,Spiderman,120,26/10/2024
Mochilas,Mario Bros,120,27/10/2024
Peluches,Tristeza,60,28/10/2024
Peluches,Alegría,60,29/10/2024
Gorras,Gorra Negra,40,30/10/2024
Gorras,Gorra Azul,40,31/10/2024
Lentes,Deportivos,120,01/11/2024
Lentes,Estilo Vintage,130,02/11/2024
Libro colorear,Hello Kitty,20,03/11/2024
Libro colorear,Sailor Moon,20,04/11/2024
Yeti para café,Militar,65,05/11/2024
Yeti 30oz,Rojo,80,06/11/2024
Navidad,Luces LED,60,07/11/2024
Navidad,Decoración árbol,85,08/11/2024
Camisetas,Snoopy,80,09/11/2024
Camisetas,BTS,80,10/11/2024
Mochilas,Sailor Moon,120,11/11/2024
Mochilas,Barbie,120,12/11/2024
Peluches,AMLO,60,13/11/2024
Peluches,Furia,60,14/11/2024
Libro colorear,Kuromi,20,15/11/2024
Libro colorear,Stitch,20,16/11/2024
Gorras,Gorra Roja,40,17/11/2024
Gorras,Gorra Verde,40,18/11/2024
Relojes,Casual,150,18/11/2024
Relojes,Premium,180,18/11/2024
Ropa infantil,Vestido floral,65,22/10/2024
Ropa infantil,Camiseta de superhéroe,60,23/10/2024
Tazas,Taza mágica,70,24/10/2024
Tazas,Taza con caricatura,75,25/10/2024
Yeti animados,Snoopy,70,26/10/2024
Yeti animados,Dragon Ball,70,27/10/2024
Mochilas,Hello Kitty,120,28/10/2024
Mochilas,Kuromi,120,29/10/2024
Peluches,Stitch,60,30/10/2024
Peluches,Sirenita,60,31/10/2024
Gorras,Gorra Militar,40,01/11/2024
Gorras,Gorra Retro,40,02/11/2024
Lentes,Lentes redondos,125,03/11/2024
Lentes,Lentes cuadrados,130,04/11/2024
Libro colorear,Mario Bros,20,05/11/2024
Libro colorear,Bob Esponja,20,06/11/2024
Navidad,Esferas doradas,70,07/11/2024
Navidad,Calcetas navideñas,35,08/11/2024
Camisetas,Spiderman,80,09/11/2024
Camisetas,Bluey,80,10/11/2024
Mochilas,Barbie,120,11/11/2024
Mochilas,Marvel,120,12/11/2024
Peluches,Revolucionaria,60,13/11/2024
Peluches,AMLO,60,14/11/2024
Libro colorear,BTS,20,15/11/2024
Libro colorear,Snoopy,20,16/11/2024
Yeti para café,Verde,65,17/11/2024
Yeti para café,Amarillo,65,18/11/2024
Yeti 30oz,Amarillo,80,18/11/2024
Yeti 30oz,Militar,80,18/11/2024
Navidad,Velas aromáticas,50,18/11/2024
Navidad,Figuras de porcelana,95,18/11/2024
Gorras,Gorra Blanca,40,18/11/2024
Gorras,Gorra Camuflaje,40,18/11/2024
Relojes,Reloj minimalista,150,18/11/2024
Relojes,Reloj deportivo,150,18/11/2024
Mochilas,Bluey,120,18/11/2024
Mochilas,Dragon Ball,120,18/11/2024
Tazas,Taza con frase,55,18/11/2024
Tazas,Taza navideña,65,18/11/2024
Yeti animados,Snoopy,70,26/10/2024
Yeti animados,Spiderman,70,26/10/2024
Ropa infantil,Pijama Unicornio,90,26/10/2024
Tazas,Taza mágica,75,26/10/2024
Peluches,Tristeza,60,26/10/2024
Mochilas,Mario Bros,110,26/10/2024
Navidad,Luces de colores,60,26/10/2024
Libro colorear,Hello Kitty,20,26/10/2024
Gorras,Gorra Roja,40,26/10/2024
Yeti 30oz,Azul,80,26/10/2024
Ropa infantil,Camiseta de superhéroe,60,23/10/2024
Tazas,Taza con caricatura,75,23/10/2024
Peluches,Dr. Simi,60,23/10/2024
Camisetas,Spiderman,80,09/11/2024
Camisetas,Mario Bros,80,09/11/2024
Peluches,Stitch,60,09/11/2024
Peluches,Revolucionaria,60,09/11/2024
Libro colorear,Bluey,20,09/11/2024
Tazas,Taza mágica,70,09/11/2024
Yeti para café,Rojo,65,09/11/2024
Navidad,Esferas plateadas,80,09/11/2024
Yeti animados,Dragon Ball,70,16/11/2024
Yeti animados,Barbie,70,16/11/2024
Peluches,Alegría,60,16/11/2024
Peluches,Bluey,60,16/11/2024
Libro colorear,Hello Kitty,20,16/11/2024
Libro colorear,Pokémon,20,16/11/2024
Tazas,Taza temática Marvel,75,16/11/2024
Yeti 30oz,Verde,80,16/11/2024
Yeti para café,Azul,65,16/11/2024
Navidad,Luces decorativas,60,16/11/2024
Navidad,Mini arbolito,100,16/11/2024
Camisetas,Naruto,80,16/11/2024
Camisetas,Mario Bros,80,16/11/2024
Yeti animados,Snoopy,70,16/11/2024
Yeti animados,One Piece,70,16/11/2024
Peluches,Dr. Simi,60,16/11/2024
Peluches,Furia,60,16/11/2024
Libro colorear,Naruto,20,16/11/2024
Libro colorear,Bluey,20,16/11/2024
Libro colorear,Dragon Ball,20,16/11/2024
Tazas,Taza personalizada,75,16/11/2024
Yeti 30oz,Amarillo,80,16/11/2024
Yeti 30oz,Rojo,80,16/11/2024
Yeti para café,Militar,65,16/11/2024
Navidad,Gorro rojo,30,16/11/2024
Navidad,Esferas doradas,80,16/11/2024
Camisetas,Spiderman,80,16/11/2024
Mochilas,Barbie,120,16/11/2024
Mochilas,Pokémon,110,16/11/2024
Yeti animados,Snoopy,70,16/11/2024
Yeti animados,Snoopy,70,16/11/2024
Yeti animados,Snoopy,70,16/11/2024
Yeti animados,Snoopy,70,16/11/2024
Libro colorear,Naruto,20,16/11/2024
Yeti 30oz,Azul,80,26/10/2024
Yeti 30oz,Azul,80,26/10/2024
Tazas,Taza con frase,55,18/11/2024
Tazas,Taza con frase,55,18/11/2024
Yeti animados,One Piece,70,24/10/2024
Yeti animados,One Piece,70,24/10/2024
Mochilas,Pokemon,120,22/10/2024
Peluches,Stitch,60,30/10/2024
Peluches,Stitch,60,30/10/2024
Yeti animados,Hello Kitty,70,15/11/2024
Yeti animados,Barbie,70,15/11/2024
Peluches,Bluey,60,15/11/2024
Peluches,Alegría,60,15/11/2024
Libro colorear,Dragon Ball,20,15/11/2024
Libro colorear,Pokémon,20,15/11/2024
Tazas,Taza mágica,75,15/11/2024
Yeti para café,Verde,65,15/11/2024
Yeti para café,Azul,65,15/11/2024
Navidad,Gorro rojo,30,15/11/2024
Navidad,Mini arbolito,100,15/11/2024
Mochilas,Spiderman,120,15/11/2024
Libro colorear,Dragon Ball,20,15/11/2024
Libro colorear,Dragon Ball,20,15/11/2024
Yeti animados,Tom y Jerry,70,25/10/2024
Yeti animados,Spiderman,70,25/10/2024
Peluches,Tristeza,60,25/10/2024
Peluches,Furia,60,25/10/2024
Libro colorear,Bluey,20,25/10/2024
Libro colorear,Naruto,20,25/10/2024
Tazas,Taza temática Naruto,75,25/10/2024
Yeti 30oz,Rojo,80,25/10/2024
Yeti 30oz,Verde,80,25/10/2024
Navidad,Luces decorativas,60,25/10/2024
Navidad,Esferas doradas,80,25/10/2024
Mochilas,Pokémon,110,25/10/2024
Yeti animados,Tom y Jerry,70,25/10/2024
Mochilas,Pokémon,110,25/10/2024
Mochilas,Pokémon,110,25/10/2024